pathway	overlap_size	pathway_size	p-value	overlap_EmpiricalCompounds (id)	overlap_features (id)	overlap_features (name)
Pyrimidine metabolism	13	16	0.000336106209562	E626,E665,E237,E222,E209,E614,E171,E560,E287,E173,E412,E282,E283	C05522/C00380,C05938/C00217/C00025,C00819/C00064/C05100,C02642/C00152,C00819/C00064/C05100,C05938/C00217/C00025,C00906,C05938/C00217/C00025,C00178/C02835,C00819/C00064/C05100,C01026/C02356/C00334/C03284/C05145/C01205,C02642/C00152,C05938/C00217/C00025	Cytosine (in DNA)/Cytosine$L-4-Hydroxyglutamate semialdehyde/D-Glutamate; D-Glutamic acid; D-Glutaminic acid; D-2-Aminoglutaric acid/L-Glutamate; L-Glutamic acid; L-Glutaminic acid; Glutamate$D-Glutamine; D-2-Aminoglutaramic acid/L-Glutamine; L-2-Aminoglutaramic acid/3-Ureidoisobutyrate$3-Ureidopropionate; 3-Ureidopropanoate; beta-Ureidopropionic acid; N-Carbamoyl-beta-alanine/L-Asparagine; 2-Aminosuccinamic acid$D-Glutamine; D-2-Aminoglutaramic acid/L-Glutamine; L-2-Aminoglutaramic acid/3-Ureidoisobutyrate$L-4-Hydroxyglutamate semialdehyde/D-Glutamate; D-Glutamic acid; D-Glutaminic acid; D-2-Aminoglutaric acid/L-Glutamate; L-Glutamic acid; L-Glutaminic acid; Glutamate$5,6-Dihydrothymine; Dihydrothymine; 5,6-Dihydro-5-methyluracil$L-4-Hydroxyglutamate semialdehyde/D-Glutamate; D-Glutamic acid; D-Glutaminic acid; D-2-Aminoglutaric acid/L-Glutamate; L-Glutamic acid; L-Glutaminic acid; Glutamate$Thymine; 5-Methyluracil/Imidazole-4-acetate; Imidazoleacetic acid; 4-Imidazoleacetate$D-Glutamine; D-2-Aminoglutaramic acid/L-Glutamine; L-2-Aminoglutaramic acid/3-Ureidoisobutyrate$N,N-Dimethylglycine; Dimethylglycine/(S)-2-Aminobutanoate; (S)-2-Aminobutanoic acid; (S)-2-Aminobutyric acid/4-Aminobutanoate; 4-Aminobutanoic acid; 4-Aminobutyrate; 4-Aminobutyric acid; gamma-Aminobutyric acid/L-3-Amino-isobutanoate; (S)-3-Amino-isobutyrate; L-3-Amino-isobutyrate; (S)-3-Amino-isobutanoate; (S)-3-Amino-2-methylpropanoate/3-Aminoisobutyric acid; 3-Aminoisobutanoate; 3-Amino-2-methylpropanoate/(R)-3-Amino-2-methylpropanoate; D-3-Amino-isobutanoate$3-Ureidopropionate; 3-Ureidopropanoate; beta-Ureidopropionic acid; N-Carbamoyl-beta-alanine/L-Asparagine; 2-Aminosuccinamic acid$L-4-Hydroxyglutamate semialdehyde/D-Glutamate; D-Glutamic acid; D-Glutaminic acid; D-2-Aminoglutaric acid/L-Glutamate; L-Glutamic acid; L-Glutaminic acid; Glutamate
Nitrogen metabolism	9	10	0.000840265523906	E560,E665,E237,E222,E209,E614,E282,E173,E283	C05938/C00217/C00025,C05938/C00217/C00025,C00819/C00064/C05100,C02642/C00152,C00819/C00064/C05100,C05938/C00217/C00025,C02642/C00152,C00819/C00064/C05100,C05938/C00217/C00025	L-4-Hydroxyglutamate semialdehyde/D-Glutamate; D-Glutamic acid; D-Glutaminic acid; D-2-Aminoglutaric acid/L-Glutamate; L-Glutamic acid; L-Glutaminic acid; Glutamate$L-4-Hydroxyglutamate semialdehyde/D-Glutamate; D-Glutamic acid; D-Glutaminic acid; D-2-Aminoglutaric acid/L-Glutamate; L-Glutamic acid; L-Glutaminic acid; Glutamate$D-Glutamine; D-2-Aminoglutaramic acid/L-Glutamine; L-2-Aminoglutaramic acid/3-Ureidoisobutyrate$3-Ureidopropionate; 3-Ureidopropanoate; beta-Ureidopropionic acid; N-Carbamoyl-beta-alanine/L-Asparagine; 2-Aminosuccinamic acid$D-Glutamine; D-2-Aminoglutaramic acid/L-Glutamine; L-2-Aminoglutaramic acid/3-Ureidoisobutyrate$L-4-Hydroxyglutamate semialdehyde/D-Glutamate; D-Glutamic acid; D-Glutaminic acid; D-2-Aminoglutaric acid/L-Glutamate; L-Glutamic acid; L-Glutaminic acid; Glutamate$3-Ureidopropionate; 3-Ureidopropanoate; beta-Ureidopropionic acid; N-Carbamoyl-beta-alanine/L-Asparagine; 2-Aminosuccinamic acid$D-Glutamine; D-2-Aminoglutaramic acid/L-Glutamine; L-2-Aminoglutaramic acid/3-Ureidoisobutyrate$L-4-Hydroxyglutamate semialdehyde/D-Glutamate; D-Glutamic acid; D-Glutaminic acid; D-2-Aminoglutaric acid/L-Glutamate; L-Glutamic acid; L-Glutaminic acid; Glutamate
Tryptophan metabolism	16	22	0.00151247794303	E421,E351,E560,E665,E389,E283,E318,E340,E540,E614,E632,E301,E114,E528,E387,E80	C14802/C14800/C01717,C00795/C13747/C00221/C00095/C00267/C07480/C00137/C00738/C00962/C00247/C00984/C00031/C00936/C01582/C00159/C02336/C00293/C00124,C05938/C00217/C00025,C05938/C00217/C00025,C00328/C05647,C05938/C00217/C00025,C01252,C00078/C00525,CE2152,C05938/C00217/C00025,C05660,C00108,C00795/C00221/C00095/C00267/C00137/C00738/C00962/C00247/C00984/C00031/C00936/C01582/C00159/C02336/C00293/C00124,C06212,C05660,CE2122	1-Nitronaphthalene-7,8-oxide/1-Nitronaphthalene-5,6-oxide/4-Hydroxy-2-quinolinecarboxylic acid; Kynurenic acid; Kynurenate$D-Tagatose; lyxo-Hexulose/1,7-Dimethylxanthine; Paraxanthine/beta-D-Glucose/D-Fructose; Levulose; Fruit sugar; D-arabino-Hexulose/alpha-D-Glucose//myo-Inositol; D-myo-Inositol; 1D-myo-Inositol; L-myo-Inositol; 1L-myo-Inositol; meso-Inositol; Inositol; Dambose; Cyclohexitol; Meat sugar; Bios I/D-Hexose/beta-D-Galactose/L-Sorbose; L-xylo-Hexulose/alpha-D-Galactose/D-Glucose; Grape sugar; Dextrose//Galactose/D-Mannose; Mannose; Seminose; Carubinose/beta-D-Fructose; beta-Fruit sugar; beta-D-arabino-Hexulose; beta-Levulose; Fructose/Glucose/D-Galactose$L-4-Hydroxyglutamate semialdehyde/D-Glutamate; D-Glutamic acid; D-Glutaminic acid; D-2-Aminoglutaric acid/L-Glutamate; L-Glutamic acid; L-Glutaminic acid; Glutamate$L-4-Hydroxyglutamate semialdehyde/D-Glutamate; D-Glutamic acid; D-Glutaminic acid; D-2-Aminoglutaric acid/L-Glutamate; L-Glutamic acid; L-Glutaminic acid; Glutamate$L-Kynurenine; 3-Anthraniloyl-L-alanine/Formyl-5-hydroxykynurenamine$L-4-Hydroxyglutamate semialdehyde/D-Glutamate; D-Glutamic acid; D-Glutaminic acid; D-2-Aminoglutaric acid/L-Glutamate; L-Glutamic acid; L-Glutaminic acid; Glutamate$4-(2-Aminophenyl)-2,4-dioxobutanoate$L-Tryptophan; Tryptophan; (S)-alpha-Amino-beta-(3-indolyl)-propionic acid/D-Tryptophan$$L-4-Hydroxyglutamate semialdehyde/D-Glutamate; D-Glutamic acid; D-Glutaminic acid; D-2-Aminoglutaric acid/L-Glutamate; L-Glutamic acid; L-Glutaminic acid; Glutamate$5-Methoxyindoleacetate$Anthranilate; Anthranilic acid; o-Aminobenzoic acid; Vitamin L1; 2-Aminobenzoate$D-Tagatose; lyxo-Hexulose/beta-D-Glucose/D-Fructose; Levulose; Fruit sugar; D-arabino-Hexulose/alpha-D-Glucose/myo-Inositol; D-myo-Inositol; 1D-myo-Inositol; L-myo-Inositol; 1L-myo-Inositol; meso-Inositol; Inositol; Dambose; Cyclohexitol; Meat sugar; Bios I/D-Hexose/beta-D-Galactose/L-Sorbose; L-xylo-Hexulose/alpha-D-Galactose/D-Glucose; Grape sugar; Dextrose//Galactose/D-Mannose; Mannose; Seminose; Carubinose/beta-D-Fructose; beta-Fruit sugar; beta-D-arabino-Hexulose; beta-Levulose; Fructose/Glucose/D-Galactose$N-Methylserotonin$5-Methoxyindoleacetate$methyl indole-3-acetate
Carnitine shuttle	10	13	0.00310898243845	E134,E622,E666,E35,E250,E286,E385,E500,E637,E641	dcsptn1crn/clpndcrn,c226crn,elaidcrn/vacccrn/odecrn,pcrn,C02990,dcsptn1crn/clpndcrn,tmndnccrn,pcrn,lnlccrn/lneldccrn,tetpent3crn/tetpent6crn	docosa-4,7,10,13,16-pentaenoyl carnitine/clupanodonyl carnitine$cervonyl carnitine$Elaidic carnitine/Vaccenyl carnitine/octadecenoyl carnitine$propionyl-carnitine$L-Palmitoylcarnitine$docosa-4,7,10,13,16-pentaenoyl carnitine/clupanodonyl carnitine$Timnodonyl carnitine$propionyl-carnitine$Linoleyl carnitine/Linoelaidyl carnitine$tetracosapentaenoyl carnitine/tetracosapentaenoyl carnitine
Alanine and Aspartate Metabolism	10	13	0.00310898243845	E560,E665,E237,E222,E209,E614,E282,E649,E173,E283	C05938/C00217/C00025,C05938/C00217/C00025,C00819/C00064/C05100,C02642/C00152,C00819/C00064/C05100,C05938/C00217/C00025,C02642/C00152,C00327,C00819/C00064/C05100,C05938/C00217/C00025	L-4-Hydroxyglutamate semialdehyde/D-Glutamate; D-Glutamic acid; D-Glutaminic acid; D-2-Aminoglutaric acid/L-Glutamate; L-Glutamic acid; L-Glutaminic acid; Glutamate$L-4-Hydroxyglutamate semialdehyde/D-Glutamate; D-Glutamic acid; D-Glutaminic acid; D-2-Aminoglutaric acid/L-Glutamate; L-Glutamic acid; L-Glutaminic acid; Glutamate$D-Glutamine; D-2-Aminoglutaramic acid/L-Glutamine; L-2-Aminoglutaramic acid/3-Ureidoisobutyrate$3-Ureidopropionate; 3-Ureidopropanoate; beta-Ureidopropionic acid; N-Carbamoyl-beta-alanine/L-Asparagine; 2-Aminosuccinamic acid$D-Glutamine; D-2-Aminoglutaramic acid/L-Glutamine; L-2-Aminoglutaramic acid/3-Ureidoisobutyrate$L-4-Hydroxyglutamate semialdehyde/D-Glutamate; D-Glutamic acid; D-Glutaminic acid; D-2-Aminoglutaric acid/L-Glutamate; L-Glutamic acid; L-Glutaminic acid; Glutamate$3-Ureidopropionate; 3-Ureidopropanoate; beta-Ureidopropionic acid; N-Carbamoyl-beta-alanine/L-Asparagine; 2-Aminosuccinamic acid$L-Citrulline; 2-Amino-5-ureidovaleric acid; Citrulline$D-Glutamine; D-2-Aminoglutaramic acid/L-Glutamine; L-2-Aminoglutaramic acid/3-Ureidoisobutyrate$L-4-Hydroxyglutamate semialdehyde/D-Glutamate; D-Glutamic acid; D-Glutaminic acid; D-2-Aminoglutaric acid/L-Glutamate; L-Glutamic acid; L-Glutaminic acid; Glutamate
Vitamin B3 (nicotinate and nicotinamide) metabolism	8	10	0.00504159314343	E560,E665,E237,E428,E209,E614,E173,E283	C05938/C00217/C00025,C05938/C00217/C00025,C00819/C00064/C05100,C00153,C00819/C00064/C05100,C05938/C00217/C00025,C00819/C00064/C05100,C05938/C00217/C00025	L-4-Hydroxyglutamate semialdehyde/D-Glutamate; D-Glutamic acid; D-Glutaminic acid; D-2-Aminoglutaric acid/L-Glutamate; L-Glutamic acid; L-Glutaminic acid; Glutamate$L-4-Hydroxyglutamate semialdehyde/D-Glutamate; D-Glutamic acid; D-Glutaminic acid; D-2-Aminoglutaric acid/L-Glutamate; L-Glutamic acid; L-Glutaminic acid; Glutamate$D-Glutamine; D-2-Aminoglutaramic acid/L-Glutamine; L-2-Aminoglutaramic acid/3-Ureidoisobutyrate$Nicotinamide; Nicotinic acid amide; Niacinamide; Vitamin PP$D-Glutamine; D-2-Aminoglutaramic acid/L-Glutamine; L-2-Aminoglutaramic acid/3-Ureidoisobutyrate$L-4-Hydroxyglutamate semialdehyde/D-Glutamate; D-Glutamic acid; D-Glutaminic acid; D-2-Aminoglutaric acid/L-Glutamate; L-Glutamic acid; L-Glutaminic acid; Glutamate$D-Glutamine; D-2-Aminoglutaramic acid/L-Glutamine; L-2-Aminoglutaramic acid/3-Ureidoisobutyrate$L-4-Hydroxyglutamate semialdehyde/D-Glutamate; D-Glutamic acid; D-Glutaminic acid; D-2-Aminoglutaric acid/L-Glutamate; L-Glutamic acid; L-Glutaminic acid; Glutamate
Aminosugars metabolism	8	10	0.00504159314343	E560,E665,E237,E209,E614,E73,E173,E283	C05938/C00217/C00025,C05938/C00217/C00025,C00819/C00064/C05100,C00819/C00064/C05100,C05938/C00217/C00025,C00329,C00819/C00064/C05100,C05938/C00217/C00025	L-4-Hydroxyglutamate semialdehyde/D-Glutamate; D-Glutamic acid; D-Glutaminic acid; D-2-Aminoglutaric acid/L-Glutamate; L-Glutamic acid; L-Glutaminic acid; Glutamate$L-4-Hydroxyglutamate semialdehyde/D-Glutamate; D-Glutamic acid; D-Glutaminic acid; D-2-Aminoglutaric acid/L-Glutamate; L-Glutamic acid; L-Glutaminic acid; Glutamate$D-Glutamine; D-2-Aminoglutaramic acid/L-Glutamine; L-2-Aminoglutaramic acid/3-Ureidoisobutyrate$D-Glutamine; D-2-Aminoglutaramic acid/L-Glutamine; L-2-Aminoglutaramic acid/3-Ureidoisobutyrate$L-4-Hydroxyglutamate semialdehyde/D-Glutamate; D-Glutamic acid; D-Glutaminic acid; D-2-Aminoglutaric acid/L-Glutamate; L-Glutamic acid; L-Glutaminic acid; Glutamate$D-Glucosamine; Chitosamine; 2-Amino-2-deoxy-D-glucose$D-Glutamine; D-2-Aminoglutaramic acid/L-Glutamine; L-2-Aminoglutaramic acid/3-Ureidoisobutyrate$L-4-Hydroxyglutamate semialdehyde/D-Glutamate; D-Glutamic acid; D-Glutaminic acid; D-2-Aminoglutaric acid/L-Glutamate; L-Glutamic acid; L-Glutaminic acid; Glutamate
Putative anti-Inflammatory metabolites formation from EPA	4	4	0.00689017729603	E560,E283,E665,E614	C05938/C00217/C00025,C05938/C00217/C00025,C05938/C00217/C00025,C05938/C00217/C00025	L-4-Hydroxyglutamate semialdehyde/D-Glutamate; D-Glutamic acid; D-Glutaminic acid; D-2-Aminoglutaric acid/L-Glutamate; L-Glutamic acid; L-Glutaminic acid; Glutamate$L-4-Hydroxyglutamate semialdehyde/D-Glutamate; D-Glutamic acid; D-Glutaminic acid; D-2-Aminoglutaric acid/L-Glutamate; L-Glutamic acid; L-Glutaminic acid; Glutamate$L-4-Hydroxyglutamate semialdehyde/D-Glutamate; D-Glutamic acid; D-Glutaminic acid; D-2-Aminoglutaric acid/L-Glutamate; L-Glutamic acid; L-Glutaminic acid; Glutamate$L-4-Hydroxyglutamate semialdehyde/D-Glutamate; D-Glutamic acid; D-Glutaminic acid; D-2-Aminoglutaric acid/L-Glutamate; L-Glutamic acid; L-Glutaminic acid; Glutamate
Glutathione Metabolism	7	9	0.00823460213427	E560,E665,E139,E207,E586,E614,E283	C05938/C00217/C00025,C05938/C00217/C00025,C04282/C02238/C04281/C01879,C04282/C04281/C01879,C04282/C02238/C04281/C01879,C05938/C00217/C00025,C05938/C00217/C00025	L-4-Hydroxyglutamate semialdehyde/D-Glutamate; D-Glutamic acid; D-Glutaminic acid; D-2-Aminoglutaric acid/L-Glutamate; L-Glutamic acid; L-Glutaminic acid; Glutamate$L-4-Hydroxyglutamate semialdehyde/D-Glutamate; D-Glutamic acid; D-Glutaminic acid; D-2-Aminoglutaric acid/L-Glutamate; L-Glutamic acid; L-Glutaminic acid; Glutamate$1-Pyrroline-4-hydroxy-2-carboxylate/5-Oxo-L-proline/L-1-Pyrroline-3-hydroxy-5-carboxylate; 3-Hydroxy-L-1-pyrroline-5-carboxylate; (3R,5S)-1-Pyrroline-3-hydroxy-5-carboxylate/5-Oxoproline; Pyroglutamic acid; 5-Pyrrolidone-2-carboxylic acid; Pyroglutamate; 5-Oxo-L-proline; L-Pyroglutamic acid; L-5-Pyrrolidone-2-carboxylic acid$1-Pyrroline-4-hydroxy-2-carboxylate/L-1-Pyrroline-3-hydroxy-5-carboxylate; 3-Hydroxy-L-1-pyrroline-5-carboxylate; (3R,5S)-1-Pyrroline-3-hydroxy-5-carboxylate/5-Oxoproline; Pyroglutamic acid; 5-Pyrrolidone-2-carboxylic acid; Pyroglutamate; 5-Oxo-L-proline; L-Pyroglutamic acid; L-5-Pyrrolidone-2-carboxylic acid$1-Pyrroline-4-hydroxy-2-carboxylate/5-Oxo-L-proline/L-1-Pyrroline-3-hydroxy-5-carboxylate; 3-Hydroxy-L-1-pyrroline-5-carboxylate; (3R,5S)-1-Pyrroline-3-hydroxy-5-carboxylate/5-Oxoproline; Pyroglutamic acid; 5-Pyrrolidone-2-carboxylic acid; Pyroglutamate; 5-Oxo-L-proline; L-Pyroglutamic acid; L-5-Pyrrolidone-2-carboxylic acid$L-4-Hydroxyglutamate semialdehyde/D-Glutamate; D-Glutamic acid; D-Glutaminic acid; D-2-Aminoglutaric acid/L-Glutamate; L-Glutamic acid; L-Glutaminic acid; Glutamate$L-4-Hydroxyglutamate semialdehyde/D-Glutamate; D-Glutamic acid; D-Glutaminic acid; D-2-Aminoglutaric acid/L-Glutamate; L-Glutamic acid; L-Glutaminic acid; Glutamate
Caffeine metabolism	3	3	0.0162171246114	E351,E634,E687	C00795/C13747/C00221/C00095/C00267/C07480/C00137/C00738/C00962/C00247/C00984/C00031/C00936/C01582/C00159/C02336/C00293/C00124,C13747/CE5541/C07480,C16365	D-Tagatose; lyxo-Hexulose/1,7-Dimethylxanthine; Paraxanthine/beta-D-Glucose/D-Fructose; Levulose; Fruit sugar; D-arabino-Hexulose/alpha-D-Glucose//myo-Inositol; D-myo-Inositol; 1D-myo-Inositol; L-myo-Inositol; 1L-myo-Inositol; meso-Inositol; Inositol; Dambose; Cyclohexitol; Meat sugar; Bios I/D-Hexose/beta-D-Galactose/L-Sorbose; L-xylo-Hexulose/alpha-D-Galactose/D-Glucose; Grape sugar; Dextrose//Galactose/D-Mannose; Mannose; Seminose; Carubinose/beta-D-Fructose; beta-Fruit sugar; beta-D-arabino-Hexulose; beta-Levulose; Fructose/Glucose/D-Galactose$1,7-Dimethylxanthine; Paraxanthine/adrenochrome o-semiquinone/$5-Acetylamino-6-formylamino-3-methyluracil; AFMU
Valine, leucine and isoleucine degradation	7	10	0.0207545584405	E560,E665,E614,E96,E412,E283,E647	C05938/C00217/C00025,C05938/C00217/C00025,C05938/C00217/C00025,C06102/C03465/C00233,C01026/C02356/C00334/C03284/C05145/C01205,C05938/C00217/C00025,C00407/C00123	L-4-Hydroxyglutamate semialdehyde/D-Glutamate; D-Glutamic acid; D-Glutaminic acid; D-2-Aminoglutaric acid/L-Glutamate; L-Glutamic acid; L-Glutaminic acid; Glutamate$L-4-Hydroxyglutamate semialdehyde/D-Glutamate; D-Glutamic acid; D-Glutaminic acid; D-2-Aminoglutaric acid/L-Glutamate; L-Glutamic acid; L-Glutaminic acid; Glutamate$L-4-Hydroxyglutamate semialdehyde/D-Glutamate; D-Glutamic acid; D-Glutaminic acid; D-2-Aminoglutaric acid/L-Glutamate; L-Glutamic acid; L-Glutaminic acid; Glutamate$Adipate semialdehyde; Hexan-1-one-6-carboxylate; 6-Oxohexanoate/3-Methyl-2-oxopentanoate; 2-Oxo-3-methylvalerate/4-Methyl-2-oxopentanoate; 2-Oxoisocaproate$N,N-Dimethylglycine; Dimethylglycine/(S)-2-Aminobutanoate; (S)-2-Aminobutanoic acid; (S)-2-Aminobutyric acid/4-Aminobutanoate; 4-Aminobutanoic acid; 4-Aminobutyrate; 4-Aminobutyric acid; gamma-Aminobutyric acid/L-3-Amino-isobutanoate; (S)-3-Amino-isobutyrate; L-3-Amino-isobutyrate; (S)-3-Amino-isobutanoate; (S)-3-Amino-2-methylpropanoate/3-Aminoisobutyric acid; 3-Aminoisobutanoate; 3-Amino-2-methylpropanoate/(R)-3-Amino-2-methylpropanoate; D-3-Amino-isobutanoate$L-4-Hydroxyglutamate semialdehyde/D-Glutamate; D-Glutamic acid; D-Glutaminic acid; D-2-Aminoglutaric acid/L-Glutamate; L-Glutamic acid; L-Glutaminic acid; Glutamate$L-Isoleucine; 2-Amino-3-methylvaleric acid/L-Leucine; 2-Amino-4-methylvaleric acid; (2S)-alpha-2-Amino-4-methylvaleric acid; (2S)-alpha-Leucine
Arachidonic acid metabolism	4	5	0.0282329216032	E560,E283,E665,E614	C05938/C00217/C00025,C05938/C00217/C00025,C05938/C00217/C00025,C05938/C00217/C00025	L-4-Hydroxyglutamate semialdehyde/D-Glutamate; D-Glutamic acid; D-Glutaminic acid; D-2-Aminoglutaric acid/L-Glutamate; L-Glutamic acid; L-Glutaminic acid; Glutamate$L-4-Hydroxyglutamate semialdehyde/D-Glutamate; D-Glutamic acid; D-Glutaminic acid; D-2-Aminoglutaric acid/L-Glutamate; L-Glutamic acid; L-Glutaminic acid; Glutamate$L-4-Hydroxyglutamate semialdehyde/D-Glutamate; D-Glutamic acid; D-Glutaminic acid; D-2-Aminoglutaric acid/L-Glutamate; L-Glutamic acid; L-Glutaminic acid; Glutamate$L-4-Hydroxyglutamate semialdehyde/D-Glutamate; D-Glutamic acid; D-Glutaminic acid; D-2-Aminoglutaric acid/L-Glutamate; L-Glutamic acid; L-Glutaminic acid; Glutamate
Glycosphingolipid metabolism	4	5	0.0282329216032	E351,E114,E129,E535	C00795/C13747/C00221/C00095/C00267/C07480/C00137/C00738/C00962/C00247/C00984/C00031/C00936/C01582/C00159/C02336/C00293/C00124,C00795/C00221/C00095/C00267/C00137/C00738/C00962/C00247/C00984/C00031/C00936/C01582/C00159/C02336/C00293/C00124,C06124,C06124	D-Tagatose; lyxo-Hexulose/1,7-Dimethylxanthine; Paraxanthine/beta-D-Glucose/D-Fructose; Levulose; Fruit sugar; D-arabino-Hexulose/alpha-D-Glucose//myo-Inositol; D-myo-Inositol; 1D-myo-Inositol; L-myo-Inositol; 1L-myo-Inositol; meso-Inositol; Inositol; Dambose; Cyclohexitol; Meat sugar; Bios I/D-Hexose/beta-D-Galactose/L-Sorbose; L-xylo-Hexulose/alpha-D-Galactose/D-Glucose; Grape sugar; Dextrose//Galactose/D-Mannose; Mannose; Seminose; Carubinose/beta-D-Fructose; beta-Fruit sugar; beta-D-arabino-Hexulose; beta-Levulose; Fructose/Glucose/D-Galactose$D-Tagatose; lyxo-Hexulose/beta-D-Glucose/D-Fructose; Levulose; Fruit sugar; D-arabino-Hexulose/alpha-D-Glucose/myo-Inositol; D-myo-Inositol; 1D-myo-Inositol; L-myo-Inositol; 1L-myo-Inositol; meso-Inositol; Inositol; Dambose; Cyclohexitol; Meat sugar; Bios I/D-Hexose/beta-D-Galactose/L-Sorbose; L-xylo-Hexulose/alpha-D-Galactose/D-Glucose; Grape sugar; Dextrose//Galactose/D-Mannose; Mannose; Seminose; Carubinose/beta-D-Fructose; beta-Fruit sugar; beta-D-arabino-Hexulose; beta-Levulose; Fructose/Glucose/D-Galactose$Sphingosine 1-phosphate; Sphing-4-enine 1-phosphate$Sphingosine 1-phosphate; Sphing-4-enine 1-phosphate
Beta-Alanine metabolism	6	9	0.0402487185951	E560,E665,E349,E614,E412,E283	C05938/C00217/C00025,C05938/C00217/C00025,C00135,C05938/C00217/C00025,C01026/C02356/C00334/C03284/C05145/C01205,C05938/C00217/C00025	L-4-Hydroxyglutamate semialdehyde/D-Glutamate; D-Glutamic acid; D-Glutaminic acid; D-2-Aminoglutaric acid/L-Glutamate; L-Glutamic acid; L-Glutaminic acid; Glutamate$L-4-Hydroxyglutamate semialdehyde/D-Glutamate; D-Glutamic acid; D-Glutaminic acid; D-2-Aminoglutaric acid/L-Glutamate; L-Glutamic acid; L-Glutaminic acid; Glutamate$L-Histidine; (S)-alpha-Amino-1H-imidazole-4-propionic acid$L-4-Hydroxyglutamate semialdehyde/D-Glutamate; D-Glutamic acid; D-Glutaminic acid; D-2-Aminoglutaric acid/L-Glutamate; L-Glutamic acid; L-Glutaminic acid; Glutamate$N,N-Dimethylglycine; Dimethylglycine/(S)-2-Aminobutanoate; (S)-2-Aminobutanoic acid; (S)-2-Aminobutyric acid/4-Aminobutanoate; 4-Aminobutanoic acid; 4-Aminobutyrate; 4-Aminobutyric acid; gamma-Aminobutyric acid/L-3-Amino-isobutanoate; (S)-3-Amino-isobutyrate; L-3-Amino-isobutyrate; (S)-3-Amino-isobutanoate; (S)-3-Amino-2-methylpropanoate/3-Aminoisobutyric acid; 3-Aminoisobutanoate; 3-Amino-2-methylpropanoate/(R)-3-Amino-2-methylpropanoate; D-3-Amino-isobutanoate$L-4-Hydroxyglutamate semialdehyde/D-Glutamate; D-Glutamic acid; D-Glutaminic acid; D-2-Aminoglutaric acid/L-Glutamate; L-Glutamic acid; L-Glutaminic acid; Glutamate
Purine metabolism	8	13	0.0473069489959	E560,E665,E237,E77,E209,E614,E173,E283	C05938/C00217/C00025,C05938/C00217/C00025,C00819/C00064/C05100,C01736/C05512,C00819/C00064/C05100,C05938/C00217/C00025,C00819/C00064/C05100,C05938/C00217/C00025	L-4-Hydroxyglutamate semialdehyde/D-Glutamate; D-Glutamic acid; D-Glutaminic acid; D-2-Aminoglutaric acid/L-Glutamate; L-Glutamic acid; L-Glutaminic acid; Glutamate$L-4-Hydroxyglutamate semialdehyde/D-Glutamate; D-Glutamic acid; D-Glutaminic acid; D-2-Aminoglutaric acid/L-Glutamate; L-Glutamic acid; L-Glutaminic acid; Glutamate$D-Glutamine; D-2-Aminoglutaramic acid/L-Glutamine; L-2-Aminoglutaramic acid/3-Ureidoisobutyrate$Nebularine; Purine riboside; N-D-Ribosylpurine/Deoxyinosine$D-Glutamine; D-2-Aminoglutaramic acid/L-Glutamine; L-2-Aminoglutaramic acid/3-Ureidoisobutyrate$L-4-Hydroxyglutamate semialdehyde/D-Glutamate; D-Glutamic acid; D-Glutaminic acid; D-2-Aminoglutaric acid/L-Glutamate; L-Glutamic acid; L-Glutaminic acid; Glutamate$D-Glutamine; D-2-Aminoglutaramic acid/L-Glutamine; L-2-Aminoglutaramic acid/3-Ureidoisobutyrate$L-4-Hydroxyglutamate semialdehyde/D-Glutamate; D-Glutamic acid; D-Glutaminic acid; D-2-Aminoglutaric acid/L-Glutamate; L-Glutamic acid; L-Glutaminic acid; Glutamate
Glutamate metabolism	8	13	0.0473069489959	E560,E665,E237,E209,E614,E412,E173,E283	C05938/C00217/C00025,C05938/C00217/C00025,C00819/C00064/C05100,C00819/C00064/C05100,C05938/C00217/C00025,C01026/C02356/C00334/C03284/C05145/C01205,C00819/C00064/C05100,C05938/C00217/C00025	L-4-Hydroxyglutamate semialdehyde/D-Glutamate; D-Glutamic acid; D-Glutaminic acid; D-2-Aminoglutaric acid/L-Glutamate; L-Glutamic acid; L-Glutaminic acid; Glutamate$L-4-Hydroxyglutamate semialdehyde/D-Glutamate; D-Glutamic acid; D-Glutaminic acid; D-2-Aminoglutaric acid/L-Glutamate; L-Glutamic acid; L-Glutaminic acid; Glutamate$D-Glutamine; D-2-Aminoglutaramic acid/L-Glutamine; L-2-Aminoglutaramic acid/3-Ureidoisobutyrate$D-Glutamine; D-2-Aminoglutaramic acid/L-Glutamine; L-2-Aminoglutaramic acid/3-Ureidoisobutyrate$L-4-Hydroxyglutamate semialdehyde/D-Glutamate; D-Glutamic acid; D-Glutaminic acid; D-2-Aminoglutaric acid/L-Glutamate; L-Glutamic acid; L-Glutaminic acid; Glutamate$N,N-Dimethylglycine; Dimethylglycine/(S)-2-Aminobutanoate; (S)-2-Aminobutanoic acid; (S)-2-Aminobutyric acid/4-Aminobutanoate; 4-Aminobutanoic acid; 4-Aminobutyrate; 4-Aminobutyric acid; gamma-Aminobutyric acid/L-3-Amino-isobutanoate; (S)-3-Amino-isobutyrate; L-3-Amino-isobutyrate; (S)-3-Amino-isobutanoate; (S)-3-Amino-2-methylpropanoate/3-Aminoisobutyric acid; 3-Aminoisobutanoate; 3-Amino-2-methylpropanoate/(R)-3-Amino-2-methylpropanoate; D-3-Amino-isobutanoate$D-Glutamine; D-2-Aminoglutaramic acid/L-Glutamine; L-2-Aminoglutaramic acid/3-Ureidoisobutyrate$L-4-Hydroxyglutamate semialdehyde/D-Glutamate; D-Glutamic acid; D-Glutaminic acid; D-2-Aminoglutaric acid/L-Glutamate; L-Glutamic acid; L-Glutaminic acid; Glutamate
Aspartate and asparagine metabolism	21	39	0.0481472145198	E145,E560,E665,E649,E237,E222,E209,E663,E139,E15,E207,E586,E282,E614,E374,E108,E412,E173,E283,E34,E347	C00077/C00515/C01602,C05938/C00217/C00025,C05938/C00217/C00025,C00327,C00819/C00064/C05100,C02642/C00152,C00819/C00064/C05100,C03239/C04076/C02946,C04282/C02238/C04281/C01879,C02238,C04282/C04281/C01879,C04282/C02238/C04281/C01879,C02642/C00152,C05938/C00217/C00025,C03078,C03239/C04076/C02946,C01026/C02356/C00334/C03284/C05145/C01205,C00819/C00064/C05100,C05938/C00217/C00025,C00148/C00763/CE4788,C01035	L-Ornithine; (S)-2,5-Diaminovaleric acid; (S)-2,5-Diaminopentanoic acid; (S)-2,5-Diaminopentanoate/D-Ornithine/Ornithine; 2,5-Diaminovaleric acid; 2,5-Diaminopentanoic acid; 2,5-Diaminopentanoate$L-4-Hydroxyglutamate semialdehyde/D-Glutamate; D-Glutamic acid; D-Glutaminic acid; D-2-Aminoglutaric acid/L-Glutamate; L-Glutamic acid; L-Glutaminic acid; Glutamate$L-4-Hydroxyglutamate semialdehyde/D-Glutamate; D-Glutamic acid; D-Glutaminic acid; D-2-Aminoglutaric acid/L-Glutamate; L-Glutamic acid; L-Glutaminic acid; Glutamate$L-Citrulline; 2-Amino-5-ureidovaleric acid; Citrulline$D-Glutamine; D-2-Aminoglutaramic acid/L-Glutamine; L-2-Aminoglutaramic acid/3-Ureidoisobutyrate$3-Ureidopropionate; 3-Ureidopropanoate; beta-Ureidopropionic acid; N-Carbamoyl-beta-alanine/L-Asparagine; 2-Aminosuccinamic acid$D-Glutamine; D-2-Aminoglutaramic acid/L-Glutamine; L-2-Aminoglutaramic acid/3-Ureidoisobutyrate$6-Amino-2-oxohexanoate; 2-Oxo-6-aminocaproate/L-2-Aminoadipate 6-semialdehyde; 2-Aminoadipate 6-semialdehyde/4-Acetamidobutanoate; N4-Acetylaminobutanoate$1-Pyrroline-4-hydroxy-2-carboxylate/5-Oxo-L-proline/L-1-Pyrroline-3-hydroxy-5-carboxylate; 3-Hydroxy-L-1-pyrroline-5-carboxylate; (3R,5S)-1-Pyrroline-3-hydroxy-5-carboxylate/5-Oxoproline; Pyroglutamic acid; 5-Pyrrolidone-2-carboxylic acid; Pyroglutamate; 5-Oxo-L-proline; L-Pyroglutamic acid; L-5-Pyrrolidone-2-carboxylic acid$5-Oxo-L-proline$1-Pyrroline-4-hydroxy-2-carboxylate/L-1-Pyrroline-3-hydroxy-5-carboxylate; 3-Hydroxy-L-1-pyrroline-5-carboxylate; (3R,5S)-1-Pyrroline-3-hydroxy-5-carboxylate/5-Oxoproline; Pyroglutamic acid; 5-Pyrrolidone-2-carboxylic acid; Pyroglutamate; 5-Oxo-L-proline; L-Pyroglutamic acid; L-5-Pyrrolidone-2-carboxylic acid$1-Pyrroline-4-hydroxy-2-carboxylate/5-Oxo-L-proline/L-1-Pyrroline-3-hydroxy-5-carboxylate; 3-Hydroxy-L-1-pyrroline-5-carboxylate; (3R,5S)-1-Pyrroline-3-hydroxy-5-carboxylate/5-Oxoproline; Pyroglutamic acid; 5-Pyrrolidone-2-carboxylic acid; Pyroglutamate; 5-Oxo-L-proline; L-Pyroglutamic acid; L-5-Pyrrolidone-2-carboxylic acid$3-Ureidopropionate; 3-Ureidopropanoate; beta-Ureidopropionic acid; N-Carbamoyl-beta-alanine/L-Asparagine; 2-Aminosuccinamic acid$L-4-Hydroxyglutamate semialdehyde/D-Glutamate; D-Glutamic acid; D-Glutaminic acid; D-2-Aminoglutaric acid/L-Glutamate; L-Glutamic acid; L-Glutaminic acid; Glutamate$4-Guanidinobutanamide$6-Amino-2-oxohexanoate; 2-Oxo-6-aminocaproate/L-2-Aminoadipate 6-semialdehyde; 2-Aminoadipate 6-semialdehyde/4-Acetamidobutanoate; N4-Acetylaminobutanoate$N,N-Dimethylglycine; Dimethylglycine/(S)-2-Aminobutanoate; (S)-2-Aminobutanoic acid; (S)-2-Aminobutyric acid/4-Aminobutanoate; 4-Aminobutanoic acid; 4-Aminobutyrate; 4-Aminobutyric acid; gamma-Aminobutyric acid/L-3-Amino-isobutanoate; (S)-3-Amino-isobutyrate; L-3-Amino-isobutyrate; (S)-3-Amino-isobutanoate; (S)-3-Amino-2-methylpropanoate/3-Aminoisobutyric acid; 3-Aminoisobutanoate; 3-Amino-2-methylpropanoate/(R)-3-Amino-2-methylpropanoate; D-3-Amino-isobutanoate$D-Glutamine; D-2-Aminoglutaramic acid/L-Glutamine; L-2-Aminoglutaramic acid/3-Ureidoisobutyrate$L-4-Hydroxyglutamate semialdehyde/D-Glutamate; D-Glutamic acid; D-Glutaminic acid; D-2-Aminoglutaric acid/L-Glutamate; L-Glutamic acid; L-Glutaminic acid; Glutamate$L-Proline; 2-Pyrrolidinecarboxylic acid/D-Proline/acetamidopropanal$4-Guanidinobutanoate
Methionine and cysteine metabolism	9	15	0.0497437190152	E656,E626,E665,E288,E614,E54,E560,E283,E185	C00073,C05522/C00380,C05938/C00217/C00025,C00245,C05938/C00217/C00025,C00073,C05938/C00217/C00025,C05938/C00217/C00025,C00155	L-Methionine; Methionine; L-2-Amino-4methylthiobutyric acid$Cytosine (in DNA)/Cytosine$L-4-Hydroxyglutamate semialdehyde/D-Glutamate; D-Glutamic acid; D-Glutaminic acid; D-2-Aminoglutaric acid/L-Glutamate; L-Glutamic acid; L-Glutaminic acid; Glutamate$Taurine; 2-Aminoethanesulfonic acid; Aminoethylsulfonic acid$L-4-Hydroxyglutamate semialdehyde/D-Glutamate; D-Glutamic acid; D-Glutaminic acid; D-2-Aminoglutaric acid/L-Glutamate; L-Glutamic acid; L-Glutaminic acid; Glutamate$L-Methionine; Methionine; L-2-Amino-4methylthiobutyric acid$L-4-Hydroxyglutamate semialdehyde/D-Glutamate; D-Glutamic acid; D-Glutaminic acid; D-2-Aminoglutaric acid/L-Glutamate; L-Glutamic acid; L-Glutaminic acid; Glutamate$L-4-Hydroxyglutamate semialdehyde/D-Glutamate; D-Glutamic acid; D-Glutaminic acid; D-2-Aminoglutaric acid/L-Glutamate; L-Glutamic acid; L-Glutaminic acid; Glutamate$L-Homocysteine; L-2-Amino-4-mercaptobutyric acid
N-Glycan biosynthesis	2	2	0.0528527014537	E351,E114	C00795/C13747/C00221/C00095/C00267/C07480/C00137/C00738/C00962/C00247/C00984/C00031/C00936/C01582/C00159/C02336/C00293/C00124,C00795/C00221/C00095/C00267/C00137/C00738/C00962/C00247/C00984/C00031/C00936/C01582/C00159/C02336/C00293/C00124	D-Tagatose; lyxo-Hexulose/1,7-Dimethylxanthine; Paraxanthine/beta-D-Glucose/D-Fructose; Levulose; Fruit sugar; D-arabino-Hexulose/alpha-D-Glucose//myo-Inositol; D-myo-Inositol; 1D-myo-Inositol; L-myo-Inositol; 1L-myo-Inositol; meso-Inositol; Inositol; Dambose; Cyclohexitol; Meat sugar; Bios I/D-Hexose/beta-D-Galactose/L-Sorbose; L-xylo-Hexulose/alpha-D-Galactose/D-Glucose; Grape sugar; Dextrose//Galactose/D-Mannose; Mannose; Seminose; Carubinose/beta-D-Fructose; beta-Fruit sugar; beta-D-arabino-Hexulose; beta-Levulose; Fructose/Glucose/D-Galactose$D-Tagatose; lyxo-Hexulose/beta-D-Glucose/D-Fructose; Levulose; Fruit sugar; D-arabino-Hexulose/alpha-D-Glucose/myo-Inositol; D-myo-Inositol; 1D-myo-Inositol; L-myo-Inositol; 1L-myo-Inositol; meso-Inositol; Inositol; Dambose; Cyclohexitol; Meat sugar; Bios I/D-Hexose/beta-D-Galactose/L-Sorbose; L-xylo-Hexulose/alpha-D-Galactose/D-Glucose; Grape sugar; Dextrose//Galactose/D-Mannose; Mannose; Seminose; Carubinose/beta-D-Fructose; beta-Fruit sugar; beta-D-arabino-Hexulose; beta-Levulose; Fructose/Glucose/D-Galactose
Glycolysis and Gluconeogenesis	2	2	0.0528527014537	E351,E114	C00795/C13747/C00221/C00095/C00267/C07480/C00137/C00738/C00962/C00247/C00984/C00031/C00936/C01582/C00159/C02336/C00293/C00124,C00795/C00221/C00095/C00267/C00137/C00738/C00962/C00247/C00984/C00031/C00936/C01582/C00159/C02336/C00293/C00124	D-Tagatose; lyxo-Hexulose/1,7-Dimethylxanthine; Paraxanthine/beta-D-Glucose/D-Fructose; Levulose; Fruit sugar; D-arabino-Hexulose/alpha-D-Glucose//myo-Inositol; D-myo-Inositol; 1D-myo-Inositol; L-myo-Inositol; 1L-myo-Inositol; meso-Inositol; Inositol; Dambose; Cyclohexitol; Meat sugar; Bios I/D-Hexose/beta-D-Galactose/L-Sorbose; L-xylo-Hexulose/alpha-D-Galactose/D-Glucose; Grape sugar; Dextrose//Galactose/D-Mannose; Mannose; Seminose; Carubinose/beta-D-Fructose; beta-Fruit sugar; beta-D-arabino-Hexulose; beta-Levulose; Fructose/Glucose/D-Galactose$D-Tagatose; lyxo-Hexulose/beta-D-Glucose/D-Fructose; Levulose; Fruit sugar; D-arabino-Hexulose/alpha-D-Glucose/myo-Inositol; D-myo-Inositol; 1D-myo-Inositol; L-myo-Inositol; 1L-myo-Inositol; meso-Inositol; Inositol; Dambose; Cyclohexitol; Meat sugar; Bios I/D-Hexose/beta-D-Galactose/L-Sorbose; L-xylo-Hexulose/alpha-D-Galactose/D-Glucose; Grape sugar; Dextrose//Galactose/D-Mannose; Mannose; Seminose; Carubinose/beta-D-Fructose; beta-Fruit sugar; beta-D-arabino-Hexulose; beta-Levulose; Fructose/Glucose/D-Galactose
Glycosphingolipid biosynthesis - ganglioseries	2	2	0.0528527014537	E351,E114	C00795/C13747/C00221/C00095/C00267/C07480/C00137/C00738/C00962/C00247/C00984/C00031/C00936/C01582/C00159/C02336/C00293/C00124,C00795/C00221/C00095/C00267/C00137/C00738/C00962/C00247/C00984/C00031/C00936/C01582/C00159/C02336/C00293/C00124	D-Tagatose; lyxo-Hexulose/1,7-Dimethylxanthine; Paraxanthine/beta-D-Glucose/D-Fructose; Levulose; Fruit sugar; D-arabino-Hexulose/alpha-D-Glucose//myo-Inositol; D-myo-Inositol; 1D-myo-Inositol; L-myo-Inositol; 1L-myo-Inositol; meso-Inositol; Inositol; Dambose; Cyclohexitol; Meat sugar; Bios I/D-Hexose/beta-D-Galactose/L-Sorbose; L-xylo-Hexulose/alpha-D-Galactose/D-Glucose; Grape sugar; Dextrose//Galactose/D-Mannose; Mannose; Seminose; Carubinose/beta-D-Fructose; beta-Fruit sugar; beta-D-arabino-Hexulose; beta-Levulose; Fructose/Glucose/D-Galactose$D-Tagatose; lyxo-Hexulose/beta-D-Glucose/D-Fructose; Levulose; Fruit sugar; D-arabino-Hexulose/alpha-D-Glucose/myo-Inositol; D-myo-Inositol; 1D-myo-Inositol; L-myo-Inositol; 1L-myo-Inositol; meso-Inositol; Inositol; Dambose; Cyclohexitol; Meat sugar; Bios I/D-Hexose/beta-D-Galactose/L-Sorbose; L-xylo-Hexulose/alpha-D-Galactose/D-Glucose; Grape sugar; Dextrose//Galactose/D-Mannose; Mannose; Seminose; Carubinose/beta-D-Fructose; beta-Fruit sugar; beta-D-arabino-Hexulose; beta-Levulose; Fructose/Glucose/D-Galactose
Keratan sulfate degradation	2	2	0.0528527014537	E351,E114	C00795/C13747/C00221/C00095/C00267/C07480/C00137/C00738/C00962/C00247/C00984/C00031/C00936/C01582/C00159/C02336/C00293/C00124,C00795/C00221/C00095/C00267/C00137/C00738/C00962/C00247/C00984/C00031/C00936/C01582/C00159/C02336/C00293/C00124	D-Tagatose; lyxo-Hexulose/1,7-Dimethylxanthine; Paraxanthine/beta-D-Glucose/D-Fructose; Levulose; Fruit sugar; D-arabino-Hexulose/alpha-D-Glucose//myo-Inositol; D-myo-Inositol; 1D-myo-Inositol; L-myo-Inositol; 1L-myo-Inositol; meso-Inositol; Inositol; Dambose; Cyclohexitol; Meat sugar; Bios I/D-Hexose/beta-D-Galactose/L-Sorbose; L-xylo-Hexulose/alpha-D-Galactose/D-Glucose; Grape sugar; Dextrose//Galactose/D-Mannose; Mannose; Seminose; Carubinose/beta-D-Fructose; beta-Fruit sugar; beta-D-arabino-Hexulose; beta-Levulose; Fructose/Glucose/D-Galactose$D-Tagatose; lyxo-Hexulose/beta-D-Glucose/D-Fructose; Levulose; Fruit sugar; D-arabino-Hexulose/alpha-D-Glucose/myo-Inositol; D-myo-Inositol; 1D-myo-Inositol; L-myo-Inositol; 1L-myo-Inositol; meso-Inositol; Inositol; Dambose; Cyclohexitol; Meat sugar; Bios I/D-Hexose/beta-D-Galactose/L-Sorbose; L-xylo-Hexulose/alpha-D-Galactose/D-Glucose; Grape sugar; Dextrose//Galactose/D-Mannose; Mannose; Seminose; Carubinose/beta-D-Fructose; beta-Fruit sugar; beta-D-arabino-Hexulose; beta-Levulose; Fructose/Glucose/D-Galactose
Glycosphingolipid biosynthesis - globoseries	2	2	0.0528527014537	E351,E114	C00795/C13747/C00221/C00095/C00267/C07480/C00137/C00738/C00962/C00247/C00984/C00031/C00936/C01582/C00159/C02336/C00293/C00124,C00795/C00221/C00095/C00267/C00137/C00738/C00962/C00247/C00984/C00031/C00936/C01582/C00159/C02336/C00293/C00124	D-Tagatose; lyxo-Hexulose/1,7-Dimethylxanthine; Paraxanthine/beta-D-Glucose/D-Fructose; Levulose; Fruit sugar; D-arabino-Hexulose/alpha-D-Glucose//myo-Inositol; D-myo-Inositol; 1D-myo-Inositol; L-myo-Inositol; 1L-myo-Inositol; meso-Inositol; Inositol; Dambose; Cyclohexitol; Meat sugar; Bios I/D-Hexose/beta-D-Galactose/L-Sorbose; L-xylo-Hexulose/alpha-D-Galactose/D-Glucose; Grape sugar; Dextrose//Galactose/D-Mannose; Mannose; Seminose; Carubinose/beta-D-Fructose; beta-Fruit sugar; beta-D-arabino-Hexulose; beta-Levulose; Fructose/Glucose/D-Galactose$D-Tagatose; lyxo-Hexulose/beta-D-Glucose/D-Fructose; Levulose; Fruit sugar; D-arabino-Hexulose/alpha-D-Glucose/myo-Inositol; D-myo-Inositol; 1D-myo-Inositol; L-myo-Inositol; 1L-myo-Inositol; meso-Inositol; Inositol; Dambose; Cyclohexitol; Meat sugar; Bios I/D-Hexose/beta-D-Galactose/L-Sorbose; L-xylo-Hexulose/alpha-D-Galactose/D-Glucose; Grape sugar; Dextrose//Galactose/D-Mannose; Mannose; Seminose; Carubinose/beta-D-Fructose; beta-Fruit sugar; beta-D-arabino-Hexulose; beta-Levulose; Fructose/Glucose/D-Galactose
Phosphatidylinositol phosphate metabolism	2	2	0.0528527014537	E351,E114	C00795/C13747/C00221/C00095/C00267/C07480/C00137/C00738/C00962/C00247/C00984/C00031/C00936/C01582/C00159/C02336/C00293/C00124,C00795/C00221/C00095/C00267/C00137/C00738/C00962/C00247/C00984/C00031/C00936/C01582/C00159/C02336/C00293/C00124	D-Tagatose; lyxo-Hexulose/1,7-Dimethylxanthine; Paraxanthine/beta-D-Glucose/D-Fructose; Levulose; Fruit sugar; D-arabino-Hexulose/alpha-D-Glucose//myo-Inositol; D-myo-Inositol; 1D-myo-Inositol; L-myo-Inositol; 1L-myo-Inositol; meso-Inositol; Inositol; Dambose; Cyclohexitol; Meat sugar; Bios I/D-Hexose/beta-D-Galactose/L-Sorbose; L-xylo-Hexulose/alpha-D-Galactose/D-Glucose; Grape sugar; Dextrose//Galactose/D-Mannose; Mannose; Seminose; Carubinose/beta-D-Fructose; beta-Fruit sugar; beta-D-arabino-Hexulose; beta-Levulose; Fructose/Glucose/D-Galactose$D-Tagatose; lyxo-Hexulose/beta-D-Glucose/D-Fructose; Levulose; Fruit sugar; D-arabino-Hexulose/alpha-D-Glucose/myo-Inositol; D-myo-Inositol; 1D-myo-Inositol; L-myo-Inositol; 1L-myo-Inositol; meso-Inositol; Inositol; Dambose; Cyclohexitol; Meat sugar; Bios I/D-Hexose/beta-D-Galactose/L-Sorbose; L-xylo-Hexulose/alpha-D-Galactose/D-Glucose; Grape sugar; Dextrose//Galactose/D-Mannose; Mannose; Seminose; Carubinose/beta-D-Fructose; beta-Fruit sugar; beta-D-arabino-Hexulose; beta-Levulose; Fructose/Glucose/D-Galactose
N-Glycan Degradation	2	2	0.0528527014537	E351,E114	C00795/C13747/C00221/C00095/C00267/C07480/C00137/C00738/C00962/C00247/C00984/C00031/C00936/C01582/C00159/C02336/C00293/C00124,C00795/C00221/C00095/C00267/C00137/C00738/C00962/C00247/C00984/C00031/C00936/C01582/C00159/C02336/C00293/C00124	D-Tagatose; lyxo-Hexulose/1,7-Dimethylxanthine; Paraxanthine/beta-D-Glucose/D-Fructose; Levulose; Fruit sugar; D-arabino-Hexulose/alpha-D-Glucose//myo-Inositol; D-myo-Inositol; 1D-myo-Inositol; L-myo-Inositol; 1L-myo-Inositol; meso-Inositol; Inositol; Dambose; Cyclohexitol; Meat sugar; Bios I/D-Hexose/beta-D-Galactose/L-Sorbose; L-xylo-Hexulose/alpha-D-Galactose/D-Glucose; Grape sugar; Dextrose//Galactose/D-Mannose; Mannose; Seminose; Carubinose/beta-D-Fructose; beta-Fruit sugar; beta-D-arabino-Hexulose; beta-Levulose; Fructose/Glucose/D-Galactose$D-Tagatose; lyxo-Hexulose/beta-D-Glucose/D-Fructose; Levulose; Fruit sugar; D-arabino-Hexulose/alpha-D-Glucose/myo-Inositol; D-myo-Inositol; 1D-myo-Inositol; L-myo-Inositol; 1L-myo-Inositol; meso-Inositol; Inositol; Dambose; Cyclohexitol; Meat sugar; Bios I/D-Hexose/beta-D-Galactose/L-Sorbose; L-xylo-Hexulose/alpha-D-Galactose/D-Glucose; Grape sugar; Dextrose//Galactose/D-Mannose; Mannose; Seminose; Carubinose/beta-D-Fructose; beta-Fruit sugar; beta-D-arabino-Hexulose; beta-Levulose; Fructose/Glucose/D-Galactose
Fatty acid activation	2	2	0.0528527014537	E370,E418	,	$
Starch and Sucrose Metabolism	2	2	0.0528527014537	E351,E114	C00795/C13747/C00221/C00095/C00267/C07480/C00137/C00738/C00962/C00247/C00984/C00031/C00936/C01582/C00159/C02336/C00293/C00124,C00795/C00221/C00095/C00267/C00137/C00738/C00962/C00247/C00984/C00031/C00936/C01582/C00159/C02336/C00293/C00124	D-Tagatose; lyxo-Hexulose/1,7-Dimethylxanthine; Paraxanthine/beta-D-Glucose/D-Fructose; Levulose; Fruit sugar; D-arabino-Hexulose/alpha-D-Glucose//myo-Inositol; D-myo-Inositol; 1D-myo-Inositol; L-myo-Inositol; 1L-myo-Inositol; meso-Inositol; Inositol; Dambose; Cyclohexitol; Meat sugar; Bios I/D-Hexose/beta-D-Galactose/L-Sorbose; L-xylo-Hexulose/alpha-D-Galactose/D-Glucose; Grape sugar; Dextrose//Galactose/D-Mannose; Mannose; Seminose; Carubinose/beta-D-Fructose; beta-Fruit sugar; beta-D-arabino-Hexulose; beta-Levulose; Fructose/Glucose/D-Galactose$D-Tagatose; lyxo-Hexulose/beta-D-Glucose/D-Fructose; Levulose; Fruit sugar; D-arabino-Hexulose/alpha-D-Glucose/myo-Inositol; D-myo-Inositol; 1D-myo-Inositol; L-myo-Inositol; 1L-myo-Inositol; meso-Inositol; Inositol; Dambose; Cyclohexitol; Meat sugar; Bios I/D-Hexose/beta-D-Galactose/L-Sorbose; L-xylo-Hexulose/alpha-D-Galactose/D-Glucose; Grape sugar; Dextrose//Galactose/D-Mannose; Mannose; Seminose; Carubinose/beta-D-Fructose; beta-Fruit sugar; beta-D-arabino-Hexulose; beta-Levulose; Fructose/Glucose/D-Galactose
Arginine and Proline Metabolism	16	30	0.074447525418	E656,E560,E665,E237,E209,E663,E614,E54,E207,E586,E139,E649,E108,E173,E283,E34	C00073,C05938/C00217/C00025,C05938/C00217/C00025,C00819/C00064/C05100,C00819/C00064/C05100,C03239/C04076/C02946,C05938/C00217/C00025,C00073,C04282/C04281/C01879,C04282/C02238/C04281/C01879,C04282/C02238/C04281/C01879,C00327,C03239/C04076/C02946,C00819/C00064/C05100,C05938/C00217/C00025,C00148/C00763/CE4788	L-Methionine; Methionine; L-2-Amino-4methylthiobutyric acid$L-4-Hydroxyglutamate semialdehyde/D-Glutamate; D-Glutamic acid; D-Glutaminic acid; D-2-Aminoglutaric acid/L-Glutamate; L-Glutamic acid; L-Glutaminic acid; Glutamate$L-4-Hydroxyglutamate semialdehyde/D-Glutamate; D-Glutamic acid; D-Glutaminic acid; D-2-Aminoglutaric acid/L-Glutamate; L-Glutamic acid; L-Glutaminic acid; Glutamate$D-Glutamine; D-2-Aminoglutaramic acid/L-Glutamine; L-2-Aminoglutaramic acid/3-Ureidoisobutyrate$D-Glutamine; D-2-Aminoglutaramic acid/L-Glutamine; L-2-Aminoglutaramic acid/3-Ureidoisobutyrate$6-Amino-2-oxohexanoate; 2-Oxo-6-aminocaproate/L-2-Aminoadipate 6-semialdehyde; 2-Aminoadipate 6-semialdehyde/4-Acetamidobutanoate; N4-Acetylaminobutanoate$L-4-Hydroxyglutamate semialdehyde/D-Glutamate; D-Glutamic acid; D-Glutaminic acid; D-2-Aminoglutaric acid/L-Glutamate; L-Glutamic acid; L-Glutaminic acid; Glutamate$L-Methionine; Methionine; L-2-Amino-4methylthiobutyric acid$1-Pyrroline-4-hydroxy-2-carboxylate/L-1-Pyrroline-3-hydroxy-5-carboxylate; 3-Hydroxy-L-1-pyrroline-5-carboxylate; (3R,5S)-1-Pyrroline-3-hydroxy-5-carboxylate/5-Oxoproline; Pyroglutamic acid; 5-Pyrrolidone-2-carboxylic acid; Pyroglutamate; 5-Oxo-L-proline; L-Pyroglutamic acid; L-5-Pyrrolidone-2-carboxylic acid$1-Pyrroline-4-hydroxy-2-carboxylate/5-Oxo-L-proline/L-1-Pyrroline-3-hydroxy-5-carboxylate; 3-Hydroxy-L-1-pyrroline-5-carboxylate; (3R,5S)-1-Pyrroline-3-hydroxy-5-carboxylate/5-Oxoproline; Pyroglutamic acid; 5-Pyrrolidone-2-carboxylic acid; Pyroglutamate; 5-Oxo-L-proline; L-Pyroglutamic acid; L-5-Pyrrolidone-2-carboxylic acid$1-Pyrroline-4-hydroxy-2-carboxylate/5-Oxo-L-proline/L-1-Pyrroline-3-hydroxy-5-carboxylate; 3-Hydroxy-L-1-pyrroline-5-carboxylate; (3R,5S)-1-Pyrroline-3-hydroxy-5-carboxylate/5-Oxoproline; Pyroglutamic acid; 5-Pyrrolidone-2-carboxylic acid; Pyroglutamate; 5-Oxo-L-proline; L-Pyroglutamic acid; L-5-Pyrrolidone-2-carboxylic acid$L-Citrulline; 2-Amino-5-ureidovaleric acid; Citrulline$6-Amino-2-oxohexanoate; 2-Oxo-6-aminocaproate/L-2-Aminoadipate 6-semialdehyde; 2-Aminoadipate 6-semialdehyde/4-Acetamidobutanoate; N4-Acetylaminobutanoate$D-Glutamine; D-2-Aminoglutaramic acid/L-Glutamine; L-2-Aminoglutaramic acid/3-Ureidoisobutyrate$L-4-Hydroxyglutamate semialdehyde/D-Glutamate; D-Glutamic acid; D-Glutaminic acid; D-2-Aminoglutaric acid/L-Glutamate; L-Glutamic acid; L-Glutaminic acid; Glutamate$L-Proline; 2-Pyrrolidinecarboxylic acid/D-Proline/acetamidopropanal
Vitamin B9 (folate) metabolism	4	6	0.0753718174943	E283,E560,E665,E614	C05938/C00217/C00025,C05938/C00217/C00025,C05938/C00217/C00025,C05938/C00217/C00025	L-4-Hydroxyglutamate semialdehyde/D-Glutamate; D-Glutamic acid; D-Glutaminic acid; D-2-Aminoglutaric acid/L-Glutamate; L-Glutamic acid; L-Glutaminic acid; Glutamate$L-4-Hydroxyglutamate semialdehyde/D-Glutamate; D-Glutamic acid; D-Glutaminic acid; D-2-Aminoglutaric acid/L-Glutamate; L-Glutamic acid; L-Glutaminic acid; Glutamate$L-4-Hydroxyglutamate semialdehyde/D-Glutamate; D-Glutamic acid; D-Glutaminic acid; D-2-Aminoglutaric acid/L-Glutamate; L-Glutamic acid; L-Glutaminic acid; Glutamate$L-4-Hydroxyglutamate semialdehyde/D-Glutamate; D-Glutamic acid; D-Glutaminic acid; D-2-Aminoglutaric acid/L-Glutamate; L-Glutamic acid; L-Glutaminic acid; Glutamate
Glycerophospholipid metabolism	5	8	0.0799092513234	E370,E351,E114,E129,E535	,C00795/C13747/C00221/C00095/C00267/C07480/C00137/C00738/C00962/C00247/C00984/C00031/C00936/C01582/C00159/C02336/C00293/C00124,C00795/C00221/C00095/C00267/C00137/C00738/C00962/C00247/C00984/C00031/C00936/C01582/C00159/C02336/C00293/C00124,C06124,C06124	$D-Tagatose; lyxo-Hexulose/1,7-Dimethylxanthine; Paraxanthine/beta-D-Glucose/D-Fructose; Levulose; Fruit sugar; D-arabino-Hexulose/alpha-D-Glucose//myo-Inositol; D-myo-Inositol; 1D-myo-Inositol; L-myo-Inositol; 1L-myo-Inositol; meso-Inositol; Inositol; Dambose; Cyclohexitol; Meat sugar; Bios I/D-Hexose/beta-D-Galactose/L-Sorbose; L-xylo-Hexulose/alpha-D-Galactose/D-Glucose; Grape sugar; Dextrose//Galactose/D-Mannose; Mannose; Seminose; Carubinose/beta-D-Fructose; beta-Fruit sugar; beta-D-arabino-Hexulose; beta-Levulose; Fructose/Glucose/D-Galactose$D-Tagatose; lyxo-Hexulose/beta-D-Glucose/D-Fructose; Levulose; Fruit sugar; D-arabino-Hexulose/alpha-D-Glucose/myo-Inositol; D-myo-Inositol; 1D-myo-Inositol; L-myo-Inositol; 1L-myo-Inositol; meso-Inositol; Inositol; Dambose; Cyclohexitol; Meat sugar; Bios I/D-Hexose/beta-D-Galactose/L-Sorbose; L-xylo-Hexulose/alpha-D-Galactose/D-Glucose; Grape sugar; Dextrose//Galactose/D-Mannose; Mannose; Seminose; Carubinose/beta-D-Fructose; beta-Fruit sugar; beta-D-arabino-Hexulose; beta-Levulose; Fructose/Glucose/D-Galactose$Sphingosine 1-phosphate; Sphing-4-enine 1-phosphate$Sphingosine 1-phosphate; Sphing-4-enine 1-phosphate
Tyrosine metabolism	18	36	0.15326443156	E317,E560,E665,E237,E308,E209,E559,E614,E601,E634,E169,E682,E446,E280,E173,E283,E97,E629	,C05938/C00217/C00025,C05938/C00217/C00025,C00819/C00064/C05100,,C00819/C00064/C05100,,C05938/C00217/C00025,,C13747/CE5541/C07480,,,,,C00819/C00064/C05100,C05938/C00217/C00025,,	$L-4-Hydroxyglutamate semialdehyde/D-Glutamate; D-Glutamic acid; D-Glutaminic acid; D-2-Aminoglutaric acid/L-Glutamate; L-Glutamic acid; L-Glutaminic acid; Glutamate$L-4-Hydroxyglutamate semialdehyde/D-Glutamate; D-Glutamic acid; D-Glutaminic acid; D-2-Aminoglutaric acid/L-Glutamate; L-Glutamic acid; L-Glutaminic acid; Glutamate$D-Glutamine; D-2-Aminoglutaramic acid/L-Glutamine; L-2-Aminoglutaramic acid/3-Ureidoisobutyrate$$D-Glutamine; D-2-Aminoglutaramic acid/L-Glutamine; L-2-Aminoglutaramic acid/3-Ureidoisobutyrate$$L-4-Hydroxyglutamate semialdehyde/D-Glutamate; D-Glutamic acid; D-Glutaminic acid; D-2-Aminoglutaric acid/L-Glutamate; L-Glutamic acid; L-Glutaminic acid; Glutamate$$1,7-Dimethylxanthine; Paraxanthine/adrenochrome o-semiquinone/$$$$$D-Glutamine; D-2-Aminoglutaramic acid/L-Glutamine; L-2-Aminoglutaramic acid/3-Ureidoisobutyrate$L-4-Hydroxyglutamate semialdehyde/D-Glutamate; D-Glutamic acid; D-Glutaminic acid; D-2-Aminoglutaric acid/L-Glutamate; L-Glutamic acid; L-Glutaminic acid; Glutamate$$
Glycine, serine, alanine and threonine metabolism	14	28	0.162087219561	E656,E560,E665,E558,E614,E54,E144,E145,E67,E539,E412,E678,E283,E185	C00073,C05938/C00217/C00025,C05938/C00217/C00025,,C05938/C00217/C00025,C00073,,C00077/C00515/C01602,,,C01026/C02356/C00334/C03284/C05145/C01205,,C05938/C00217/C00025,C00155	L-Methionine; Methionine; L-2-Amino-4methylthiobutyric acid$L-4-Hydroxyglutamate semialdehyde/D-Glutamate; D-Glutamic acid; D-Glutaminic acid; D-2-Aminoglutaric acid/L-Glutamate; L-Glutamic acid; L-Glutaminic acid; Glutamate$L-4-Hydroxyglutamate semialdehyde/D-Glutamate; D-Glutamic acid; D-Glutaminic acid; D-2-Aminoglutaric acid/L-Glutamate; L-Glutamic acid; L-Glutaminic acid; Glutamate$$L-4-Hydroxyglutamate semialdehyde/D-Glutamate; D-Glutamic acid; D-Glutaminic acid; D-2-Aminoglutaric acid/L-Glutamate; L-Glutamic acid; L-Glutaminic acid; Glutamate$L-Methionine; Methionine; L-2-Amino-4methylthiobutyric acid$$L-Ornithine; (S)-2,5-Diaminovaleric acid; (S)-2,5-Diaminopentanoic acid; (S)-2,5-Diaminopentanoate/D-Ornithine/Ornithine; 2,5-Diaminovaleric acid; 2,5-Diaminopentanoic acid; 2,5-Diaminopentanoate$$$N,N-Dimethylglycine; Dimethylglycine/(S)-2-Aminobutanoate; (S)-2-Aminobutanoic acid; (S)-2-Aminobutyric acid/4-Aminobutanoate; 4-Aminobutanoic acid; 4-Aminobutyrate; 4-Aminobutyric acid; gamma-Aminobutyric acid/L-3-Amino-isobutanoate; (S)-3-Amino-isobutyrate; L-3-Amino-isobutyrate; (S)-3-Amino-isobutanoate; (S)-3-Amino-2-methylpropanoate/3-Aminoisobutyric acid; 3-Aminoisobutanoate; 3-Amino-2-methylpropanoate/(R)-3-Amino-2-methylpropanoate; D-3-Amino-isobutanoate$$L-4-Hydroxyglutamate semialdehyde/D-Glutamate; D-Glutamic acid; D-Glutaminic acid; D-2-Aminoglutaric acid/L-Glutamate; L-Glutamic acid; L-Glutaminic acid; Glutamate$L-Homocysteine; L-2-Amino-4-mercaptobutyric acid
Hexose phosphorylation	3	5	0.163599697504	E351,E114,E73	C00795/C13747/C00221/C00095/C00267/C07480/C00137/C00738/C00962/C00247/C00984/C00031/C00936/C01582/C00159/C02336/C00293/C00124,C00795/C00221/C00095/C00267/C00137/C00738/C00962/C00247/C00984/C00031/C00936/C01582/C00159/C02336/C00293/C00124,C00329	D-Tagatose; lyxo-Hexulose/1,7-Dimethylxanthine; Paraxanthine/beta-D-Glucose/D-Fructose; Levulose; Fruit sugar; D-arabino-Hexulose/alpha-D-Glucose//myo-Inositol; D-myo-Inositol; 1D-myo-Inositol; L-myo-Inositol; 1L-myo-Inositol; meso-Inositol; Inositol; Dambose; Cyclohexitol; Meat sugar; Bios I/D-Hexose/beta-D-Galactose/L-Sorbose; L-xylo-Hexulose/alpha-D-Galactose/D-Glucose; Grape sugar; Dextrose//Galactose/D-Mannose; Mannose; Seminose; Carubinose/beta-D-Fructose; beta-Fruit sugar; beta-D-arabino-Hexulose; beta-Levulose; Fructose/Glucose/D-Galactose$D-Tagatose; lyxo-Hexulose/beta-D-Glucose/D-Fructose; Levulose; Fruit sugar; D-arabino-Hexulose/alpha-D-Glucose/myo-Inositol; D-myo-Inositol; 1D-myo-Inositol; L-myo-Inositol; 1L-myo-Inositol; meso-Inositol; Inositol; Dambose; Cyclohexitol; Meat sugar; Bios I/D-Hexose/beta-D-Galactose/L-Sorbose; L-xylo-Hexulose/alpha-D-Galactose/D-Glucose; Grape sugar; Dextrose//Galactose/D-Mannose; Mannose; Seminose; Carubinose/beta-D-Fructose; beta-Fruit sugar; beta-D-arabino-Hexulose; beta-Levulose; Fructose/Glucose/D-Galactose$D-Glucosamine; Chitosamine; 2-Amino-2-deoxy-D-glucose
Sialic acid metabolism	2	3	0.1669607596	E351,E114	C00795/C13747/C00221/C00095/C00267/C07480/C00137/C00738/C00962/C00247/C00984/C00031/C00936/C01582/C00159/C02336/C00293/C00124,C00795/C00221/C00095/C00267/C00137/C00738/C00962/C00247/C00984/C00031/C00936/C01582/C00159/C02336/C00293/C00124	D-Tagatose; lyxo-Hexulose/1,7-Dimethylxanthine; Paraxanthine/beta-D-Glucose/D-Fructose; Levulose; Fruit sugar; D-arabino-Hexulose/alpha-D-Glucose//myo-Inositol; D-myo-Inositol; 1D-myo-Inositol; L-myo-Inositol; 1L-myo-Inositol; meso-Inositol; Inositol; Dambose; Cyclohexitol; Meat sugar; Bios I/D-Hexose/beta-D-Galactose/L-Sorbose; L-xylo-Hexulose/alpha-D-Galactose/D-Glucose; Grape sugar; Dextrose//Galactose/D-Mannose; Mannose; Seminose; Carubinose/beta-D-Fructose; beta-Fruit sugar; beta-D-arabino-Hexulose; beta-Levulose; Fructose/Glucose/D-Galactose$D-Tagatose; lyxo-Hexulose/beta-D-Glucose/D-Fructose; Levulose; Fruit sugar; D-arabino-Hexulose/alpha-D-Glucose/myo-Inositol; D-myo-Inositol; 1D-myo-Inositol; L-myo-Inositol; 1L-myo-Inositol; meso-Inositol; Inositol; Dambose; Cyclohexitol; Meat sugar; Bios I/D-Hexose/beta-D-Galactose/L-Sorbose; L-xylo-Hexulose/alpha-D-Galactose/D-Glucose; Grape sugar; Dextrose//Galactose/D-Mannose; Mannose; Seminose; Carubinose/beta-D-Fructose; beta-Fruit sugar; beta-D-arabino-Hexulose; beta-Levulose; Fructose/Glucose/D-Galactose
Chondroitin sulfate degradation	2	3	0.1669607596	E351,E114	C00795/C13747/C00221/C00095/C00267/C07480/C00137/C00738/C00962/C00247/C00984/C00031/C00936/C01582/C00159/C02336/C00293/C00124,C00795/C00221/C00095/C00267/C00137/C00738/C00962/C00247/C00984/C00031/C00936/C01582/C00159/C02336/C00293/C00124	D-Tagatose; lyxo-Hexulose/1,7-Dimethylxanthine; Paraxanthine/beta-D-Glucose/D-Fructose; Levulose; Fruit sugar; D-arabino-Hexulose/alpha-D-Glucose//myo-Inositol; D-myo-Inositol; 1D-myo-Inositol; L-myo-Inositol; 1L-myo-Inositol; meso-Inositol; Inositol; Dambose; Cyclohexitol; Meat sugar; Bios I/D-Hexose/beta-D-Galactose/L-Sorbose; L-xylo-Hexulose/alpha-D-Galactose/D-Glucose; Grape sugar; Dextrose//Galactose/D-Mannose; Mannose; Seminose; Carubinose/beta-D-Fructose; beta-Fruit sugar; beta-D-arabino-Hexulose; beta-Levulose; Fructose/Glucose/D-Galactose$D-Tagatose; lyxo-Hexulose/beta-D-Glucose/D-Fructose; Levulose; Fruit sugar; D-arabino-Hexulose/alpha-D-Glucose/myo-Inositol; D-myo-Inositol; 1D-myo-Inositol; L-myo-Inositol; 1L-myo-Inositol; meso-Inositol; Inositol; Dambose; Cyclohexitol; Meat sugar; Bios I/D-Hexose/beta-D-Galactose/L-Sorbose; L-xylo-Hexulose/alpha-D-Galactose/D-Glucose; Grape sugar; Dextrose//Galactose/D-Mannose; Mannose; Seminose; Carubinose/beta-D-Fructose; beta-Fruit sugar; beta-D-arabino-Hexulose; beta-Levulose; Fructose/Glucose/D-Galactose
Galactose metabolism	2	3	0.1669607596	E351,E114	C00795/C13747/C00221/C00095/C00267/C07480/C00137/C00738/C00962/C00247/C00984/C00031/C00936/C01582/C00159/C02336/C00293/C00124,C00795/C00221/C00095/C00267/C00137/C00738/C00962/C00247/C00984/C00031/C00936/C01582/C00159/C02336/C00293/C00124	D-Tagatose; lyxo-Hexulose/1,7-Dimethylxanthine; Paraxanthine/beta-D-Glucose/D-Fructose; Levulose; Fruit sugar; D-arabino-Hexulose/alpha-D-Glucose//myo-Inositol; D-myo-Inositol; 1D-myo-Inositol; L-myo-Inositol; 1L-myo-Inositol; meso-Inositol; Inositol; Dambose; Cyclohexitol; Meat sugar; Bios I/D-Hexose/beta-D-Galactose/L-Sorbose; L-xylo-Hexulose/alpha-D-Galactose/D-Glucose; Grape sugar; Dextrose//Galactose/D-Mannose; Mannose; Seminose; Carubinose/beta-D-Fructose; beta-Fruit sugar; beta-D-arabino-Hexulose; beta-Levulose; Fructose/Glucose/D-Galactose$D-Tagatose; lyxo-Hexulose/beta-D-Glucose/D-Fructose; Levulose; Fruit sugar; D-arabino-Hexulose/alpha-D-Glucose/myo-Inositol; D-myo-Inositol; 1D-myo-Inositol; L-myo-Inositol; 1L-myo-Inositol; meso-Inositol; Inositol; Dambose; Cyclohexitol; Meat sugar; Bios I/D-Hexose/beta-D-Galactose/L-Sorbose; L-xylo-Hexulose/alpha-D-Galactose/D-Glucose; Grape sugar; Dextrose//Galactose/D-Mannose; Mannose; Seminose; Carubinose/beta-D-Fructose; beta-Fruit sugar; beta-D-arabino-Hexulose; beta-Levulose; Fructose/Glucose/D-Galactose
Heparan sulfate degradation	2	3	0.1669607596	E351,E114	C00795/C13747/C00221/C00095/C00267/C07480/C00137/C00738/C00962/C00247/C00984/C00031/C00936/C01582/C00159/C02336/C00293/C00124,C00795/C00221/C00095/C00267/C00137/C00738/C00962/C00247/C00984/C00031/C00936/C01582/C00159/C02336/C00293/C00124	D-Tagatose; lyxo-Hexulose/1,7-Dimethylxanthine; Paraxanthine/beta-D-Glucose/D-Fructose; Levulose; Fruit sugar; D-arabino-Hexulose/alpha-D-Glucose//myo-Inositol; D-myo-Inositol; 1D-myo-Inositol; L-myo-Inositol; 1L-myo-Inositol; meso-Inositol; Inositol; Dambose; Cyclohexitol; Meat sugar; Bios I/D-Hexose/beta-D-Galactose/L-Sorbose; L-xylo-Hexulose/alpha-D-Galactose/D-Glucose; Grape sugar; Dextrose//Galactose/D-Mannose; Mannose; Seminose; Carubinose/beta-D-Fructose; beta-Fruit sugar; beta-D-arabino-Hexulose; beta-Levulose; Fructose/Glucose/D-Galactose$D-Tagatose; lyxo-Hexulose/beta-D-Glucose/D-Fructose; Levulose; Fruit sugar; D-arabino-Hexulose/alpha-D-Glucose/myo-Inositol; D-myo-Inositol; 1D-myo-Inositol; L-myo-Inositol; 1L-myo-Inositol; meso-Inositol; Inositol; Dambose; Cyclohexitol; Meat sugar; Bios I/D-Hexose/beta-D-Galactose/L-Sorbose; L-xylo-Hexulose/alpha-D-Galactose/D-Glucose; Grape sugar; Dextrose//Galactose/D-Mannose; Mannose; Seminose; Carubinose/beta-D-Fructose; beta-Fruit sugar; beta-D-arabino-Hexulose; beta-Levulose; Fructose/Glucose/D-Galactose
Fructose and mannose metabolism	2	3	0.1669607596	E351,E114	C00795/C13747/C00221/C00095/C00267/C07480/C00137/C00738/C00962/C00247/C00984/C00031/C00936/C01582/C00159/C02336/C00293/C00124,C00795/C00221/C00095/C00267/C00137/C00738/C00962/C00247/C00984/C00031/C00936/C01582/C00159/C02336/C00293/C00124	D-Tagatose; lyxo-Hexulose/1,7-Dimethylxanthine; Paraxanthine/beta-D-Glucose/D-Fructose; Levulose; Fruit sugar; D-arabino-Hexulose/alpha-D-Glucose//myo-Inositol; D-myo-Inositol; 1D-myo-Inositol; L-myo-Inositol; 1L-myo-Inositol; meso-Inositol; Inositol; Dambose; Cyclohexitol; Meat sugar; Bios I/D-Hexose/beta-D-Galactose/L-Sorbose; L-xylo-Hexulose/alpha-D-Galactose/D-Glucose; Grape sugar; Dextrose//Galactose/D-Mannose; Mannose; Seminose; Carubinose/beta-D-Fructose; beta-Fruit sugar; beta-D-arabino-Hexulose; beta-Levulose; Fructose/Glucose/D-Galactose$D-Tagatose; lyxo-Hexulose/beta-D-Glucose/D-Fructose; Levulose; Fruit sugar; D-arabino-Hexulose/alpha-D-Glucose/myo-Inositol; D-myo-Inositol; 1D-myo-Inositol; L-myo-Inositol; 1L-myo-Inositol; meso-Inositol; Inositol; Dambose; Cyclohexitol; Meat sugar; Bios I/D-Hexose/beta-D-Galactose/L-Sorbose; L-xylo-Hexulose/alpha-D-Galactose/D-Glucose; Grape sugar; Dextrose//Galactose/D-Mannose; Mannose; Seminose; Carubinose/beta-D-Fructose; beta-Fruit sugar; beta-D-arabino-Hexulose; beta-Levulose; Fructose/Glucose/D-Galactose
Pentose phosphate pathway	2	3	0.1669607596	E351,E114	C00795/C13747/C00221/C00095/C00267/C07480/C00137/C00738/C00962/C00247/C00984/C00031/C00936/C01582/C00159/C02336/C00293/C00124,C00795/C00221/C00095/C00267/C00137/C00738/C00962/C00247/C00984/C00031/C00936/C01582/C00159/C02336/C00293/C00124	D-Tagatose; lyxo-Hexulose/1,7-Dimethylxanthine; Paraxanthine/beta-D-Glucose/D-Fructose; Levulose; Fruit sugar; D-arabino-Hexulose/alpha-D-Glucose//myo-Inositol; D-myo-Inositol; 1D-myo-Inositol; L-myo-Inositol; 1L-myo-Inositol; meso-Inositol; Inositol; Dambose; Cyclohexitol; Meat sugar; Bios I/D-Hexose/beta-D-Galactose/L-Sorbose; L-xylo-Hexulose/alpha-D-Galactose/D-Glucose; Grape sugar; Dextrose//Galactose/D-Mannose; Mannose; Seminose; Carubinose/beta-D-Fructose; beta-Fruit sugar; beta-D-arabino-Hexulose; beta-Levulose; Fructose/Glucose/D-Galactose$D-Tagatose; lyxo-Hexulose/beta-D-Glucose/D-Fructose; Levulose; Fruit sugar; D-arabino-Hexulose/alpha-D-Glucose/myo-Inositol; D-myo-Inositol; 1D-myo-Inositol; L-myo-Inositol; 1L-myo-Inositol; meso-Inositol; Inositol; Dambose; Cyclohexitol; Meat sugar; Bios I/D-Hexose/beta-D-Galactose/L-Sorbose; L-xylo-Hexulose/alpha-D-Galactose/D-Glucose; Grape sugar; Dextrose//Galactose/D-Mannose; Mannose; Seminose; Carubinose/beta-D-Fructose; beta-Fruit sugar; beta-D-arabino-Hexulose; beta-Levulose; Fructose/Glucose/D-Galactose
Di-unsaturated fatty acid beta-oxidation	1	1	0.170741954458	E370		
Squalene and cholesterol biosynthesis	1	1	0.170741954458	E616		
De novo fatty acid biosynthesis	1	1	0.170741954458	E370		
Xenobiotics metabolism	1	1	0.170741954458	E421	C14802/C14800/C01717	1-Nitronaphthalene-7,8-oxide/1-Nitronaphthalene-5,6-oxide/4-Hydroxy-2-quinolinecarboxylic acid; Kynurenic acid; Kynurenate
Linoleate metabolism	4	8	0.219645407949	E370,E506,E156,E46	,,,	$$$
Histidine metabolism	9	19	0.224687001092	E432,E665,E349,E260,E614,E560,E287,E39,E283	,C05938/C00217/C00025,C00135,,C05938/C00217/C00025,C05938/C00217/C00025,C00178/C02835,,C05938/C00217/C00025	$L-4-Hydroxyglutamate semialdehyde/D-Glutamate; D-Glutamic acid; D-Glutaminic acid; D-2-Aminoglutaric acid/L-Glutamate; L-Glutamic acid; L-Glutaminic acid; Glutamate$L-Histidine; (S)-alpha-Amino-1H-imidazole-4-propionic acid$$L-4-Hydroxyglutamate semialdehyde/D-Glutamate; D-Glutamic acid; D-Glutaminic acid; D-2-Aminoglutaric acid/L-Glutamate; L-Glutamic acid; L-Glutaminic acid; Glutamate$L-4-Hydroxyglutamate semialdehyde/D-Glutamate; D-Glutamic acid; D-Glutaminic acid; D-2-Aminoglutaric acid/L-Glutamate; L-Glutamic acid; L-Glutaminic acid; Glutamate$Thymine; 5-Methyluracil/Imidazole-4-acetate; Imidazoleacetic acid; 4-Imidazoleacetate$$L-4-Hydroxyglutamate semialdehyde/D-Glutamate; D-Glutamic acid; D-Glutaminic acid; D-2-Aminoglutaric acid/L-Glutamate; L-Glutamic acid; L-Glutaminic acid; Glutamate
Lysine metabolism	9	20	0.307789261407	E153,E12,E665,E550,E663,E614,E560,E108,E283	,,C05938/C00217/C00025,,C03239/C04076/C02946,C05938/C00217/C00025,C05938/C00217/C00025,C03239/C04076/C02946,C05938/C00217/C00025	$$L-4-Hydroxyglutamate semialdehyde/D-Glutamate; D-Glutamic acid; D-Glutaminic acid; D-2-Aminoglutaric acid/L-Glutamate; L-Glutamic acid; L-Glutaminic acid; Glutamate$$6-Amino-2-oxohexanoate; 2-Oxo-6-aminocaproate/L-2-Aminoadipate 6-semialdehyde; 2-Aminoadipate 6-semialdehyde/4-Acetamidobutanoate; N4-Acetylaminobutanoate$L-4-Hydroxyglutamate semialdehyde/D-Glutamate; D-Glutamic acid; D-Glutaminic acid; D-2-Aminoglutaric acid/L-Glutamate; L-Glutamic acid; L-Glutaminic acid; Glutamate$L-4-Hydroxyglutamate semialdehyde/D-Glutamate; D-Glutamic acid; D-Glutaminic acid; D-2-Aminoglutaric acid/L-Glutamate; L-Glutamic acid; L-Glutaminic acid; Glutamate$6-Amino-2-oxohexanoate; 2-Oxo-6-aminocaproate/L-2-Aminoadipate 6-semialdehyde; 2-Aminoadipate 6-semialdehyde/4-Acetamidobutanoate; N4-Acetylaminobutanoate$L-4-Hydroxyglutamate semialdehyde/D-Glutamate; D-Glutamic acid; D-Glutaminic acid; D-2-Aminoglutaric acid/L-Glutamate; L-Glutamic acid; L-Glutaminic acid; Glutamate
Butanoate metabolism	6	14	0.331400722628	E560,E665,E614,E418,E412,E283	C05938/C00217/C00025,C05938/C00217/C00025,C05938/C00217/C00025,,C01026/C02356/C00334/C03284/C05145/C01205,C05938/C00217/C00025	L-4-Hydroxyglutamate semialdehyde/D-Glutamate; D-Glutamic acid; D-Glutaminic acid; D-2-Aminoglutaric acid/L-Glutamate; L-Glutamic acid; L-Glutaminic acid; Glutamate$L-4-Hydroxyglutamate semialdehyde/D-Glutamate; D-Glutamic acid; D-Glutaminic acid; D-2-Aminoglutaric acid/L-Glutamate; L-Glutamic acid; L-Glutaminic acid; Glutamate$L-4-Hydroxyglutamate semialdehyde/D-Glutamate; D-Glutamic acid; D-Glutaminic acid; D-2-Aminoglutaric acid/L-Glutamate; L-Glutamic acid; L-Glutaminic acid; Glutamate$$N,N-Dimethylglycine; Dimethylglycine/(S)-2-Aminobutanoate; (S)-2-Aminobutanoic acid; (S)-2-Aminobutyric acid/4-Aminobutanoate; 4-Aminobutanoic acid; 4-Aminobutyrate; 4-Aminobutyric acid; gamma-Aminobutyric acid/L-3-Amino-isobutanoate; (S)-3-Amino-isobutyrate; L-3-Amino-isobutyrate; (S)-3-Amino-isobutanoate; (S)-3-Amino-2-methylpropanoate/3-Aminoisobutyric acid; 3-Aminoisobutanoate; 3-Amino-2-methylpropanoate/(R)-3-Amino-2-methylpropanoate; D-3-Amino-isobutanoate$L-4-Hydroxyglutamate semialdehyde/D-Glutamate; D-Glutamic acid; D-Glutaminic acid; D-2-Aminoglutaric acid/L-Glutamate; L-Glutamic acid; L-Glutaminic acid; Glutamate
Alkaloid biosynthesis II	1	2	0.331484749181	E415		
Bile acid biosynthesis	1	2	0.331484749181	E288	C00245	Taurine; 2-Aminoethanesulfonic acid; Aminoethylsulfonic acid
Fatty Acid Metabolism	1	2	0.331484749181	E370		
TCA cycle	1	2	0.331484749181	E355		
Saturated fatty acids beta-oxidation	1	2	0.331484749181	E250	C02990	L-Palmitoylcarnitine
Vitamin B6 (pyridoxine) metabolism	1	2	0.331484749181	E1		
Vitamin B5 - CoA biosynthesis from pantothenate	1	3	0.455339887404	E23		
CoA Catabolism	1	3	0.455339887404	E23		
Urea cycle/amino group metabolism	17	43	0.477859003445	E656,E145,E560,E665,E649,E446,E663,E614,E601,E280,E308,E539,E108,E412,E283,E34,E54	C00073,C00077/C00515/C01602,C05938/C00217/C00025,C05938/C00217/C00025,C00327,,C03239/C04076/C02946,C05938/C00217/C00025,,,,,C03239/C04076/C02946,C01026/C02356/C00334/C03284/C05145/C01205,C05938/C00217/C00025,C00148/C00763/CE4788,C00073	L-Methionine; Methionine; L-2-Amino-4methylthiobutyric acid$L-Ornithine; (S)-2,5-Diaminovaleric acid; (S)-2,5-Diaminopentanoic acid; (S)-2,5-Diaminopentanoate/D-Ornithine/Ornithine; 2,5-Diaminovaleric acid; 2,5-Diaminopentanoic acid; 2,5-Diaminopentanoate$L-4-Hydroxyglutamate semialdehyde/D-Glutamate; D-Glutamic acid; D-Glutaminic acid; D-2-Aminoglutaric acid/L-Glutamate; L-Glutamic acid; L-Glutaminic acid; Glutamate$L-4-Hydroxyglutamate semialdehyde/D-Glutamate; D-Glutamic acid; D-Glutaminic acid; D-2-Aminoglutaric acid/L-Glutamate; L-Glutamic acid; L-Glutaminic acid; Glutamate$L-Citrulline; 2-Amino-5-ureidovaleric acid; Citrulline$$6-Amino-2-oxohexanoate; 2-Oxo-6-aminocaproate/L-2-Aminoadipate 6-semialdehyde; 2-Aminoadipate 6-semialdehyde/4-Acetamidobutanoate; N4-Acetylaminobutanoate$L-4-Hydroxyglutamate semialdehyde/D-Glutamate; D-Glutamic acid; D-Glutaminic acid; D-2-Aminoglutaric acid/L-Glutamate; L-Glutamic acid; L-Glutaminic acid; Glutamate$$$$$6-Amino-2-oxohexanoate; 2-Oxo-6-aminocaproate/L-2-Aminoadipate 6-semialdehyde; 2-Aminoadipate 6-semialdehyde/4-Acetamidobutanoate; N4-Acetylaminobutanoate$N,N-Dimethylglycine; Dimethylglycine/(S)-2-Aminobutanoate; (S)-2-Aminobutanoic acid; (S)-2-Aminobutyric acid/4-Aminobutanoate; 4-Aminobutanoic acid; 4-Aminobutyrate; 4-Aminobutyric acid; gamma-Aminobutyric acid/L-3-Amino-isobutanoate; (S)-3-Amino-isobutyrate; L-3-Amino-isobutyrate; (S)-3-Amino-isobutanoate; (S)-3-Amino-2-methylpropanoate/3-Aminoisobutyric acid; 3-Aminoisobutanoate; 3-Amino-2-methylpropanoate/(R)-3-Amino-2-methylpropanoate; D-3-Amino-isobutanoate$L-4-Hydroxyglutamate semialdehyde/D-Glutamate; D-Glutamic acid; D-Glutaminic acid; D-2-Aminoglutaric acid/L-Glutamate; L-Glutamic acid; L-Glutaminic acid; Glutamate$L-Proline; 2-Pyrrolidinecarboxylic acid/D-Proline/acetamidopropanal$L-Methionine; Methionine; L-2-Amino-4methylthiobutyric acid
Biopterin metabolism	1	4	0.496092765314	E629		
Porphyrin metabolism	1	7	0.530291572137	E331		
Vitamin D3 (cholecalciferol) metabolism	0	0	0.534492899756			
Hyaluronan Metabolism	0	0	0.534492899756			
R Group Synthesis	0	0	0.534492899756			
C5-Branched dibasic acid metabolism	0	0	0.534492899756			
Pyruvate Metabolism	0	0	0.534492899756			
Vitamin B2 (riboflavin) metabolism	0	0	0.534492899756			
3-oxo-10R-octadecatrienoate beta-oxidation	0	2	0.534492899756			
Vitamin B1 (thiamin) metabolism	0	2	0.534492899756			
Glycerolipid metabolism	0	0	0.534492899756			
Glycosylphosphatidylinositol(GPI)-anchor biosynthesis	0	0	0.534492899756			
Glycosphingolipid biosynthesis - lactoseries	0	0	0.534492899756			
Heparan sulfate biosynthesis	0	0	0.534492899756			
Lipoate metabolism	0	2	0.534492899756			
Glycosaminoglycan degradation	0	0	0.534492899756			
Fatty acid oxidation	0	0	0.534492899756			
Androgen and estrogen biosynthesis and metabolism	0	1	0.534492899756			
Electron transport chain	0	1	0.534492899756			
Blood Group Biosynthesis	0	0	0.534492899756			
Vitamin H (biotin) metabolism	0	2	0.534492899756			
Drug metabolism - cytochrome P450	0	1	0.534492899756			
Propanoate metabolism	0	0	0.534492899756			
Parathio degradation	0	0	0.534492899756			
Vitamin E metabolism	0	2	0.534492899756			
Glyoxylate and Dicarboxylate Metabolism	0	1	0.534492899756			
Vitamin A (retinol) metabolism	0	0	0.534492899756			
Glycosphingolipid biosynthesis - neolactoseries	0	0	0.534492899756			
Mono-unsaturated fatty acid beta-oxidation	0	0	0.534492899756			
D4&E4-neuroprostanes formation	0	1	0.534492899756			
Geraniol degradation	0	0	0.534492899756			
Vitamin D	0	0	0.534492899756			
Dynorphin metabolism	0	0	0.534492899756			
ROS Detoxification	0	0	0.534492899756			
3-Chloroacrylic acid degradation	0	0	0.534492899756			
Keratan sulfate biosynthesis	0	0	0.534492899756			
Omega-3 fatty acid metabolism	0	0	0.534492899756			
Ascorbate (Vitamin C) and Aldarate Metabolism	0	2	0.534492899756			
Fatty acid oxidation, peroxisome	0	0	0.534492899756			
Polyunsaturated fatty acid biosynthesis	0	0	0.534492899756			
Prostaglandin formation from arachidonate	0	1	0.534492899756			
Benzoate degradation via CoA ligation	0	0	0.534492899756			
Atrazine degradation	0	0	0.534492899756			
Sphingolipid metabolism	0	0	0.534492899756			
O-Glycan biosynthesis	0	0	0.534492899756			
Limonene and pinene degradation	0	1	0.534492899756			
Proteoglycan biosynthesis	0	0	0.534492899756			
Vitamin K metabolism	0	0	0.534492899756			
Dimethyl-branched-chain fatty acid mitochondrial beta-oxidation	0	0	0.534492899756			
Pentose and Glucuronate Interconversions	0	1	0.534492899756			
Leukotriene metabolism	0	3	0.534492899756			
Vitamin B12 (cyanocobalamin) metabolism	0	0	0.534492899756			
Nucleotide Sugar Metabolism	0	0	0.534492899756			
Carbon fixation	0	0	0.534492899756			
1- and 2-Methylnaphthalene degradation	0	0	0.534492899756			
Ubiquinone Biosynthesis	0	1	0.534492899756			
Phytanic acid peroxisomal oxidation	0	0	0.534492899756			
Omega-6 fatty acid metabolism	0	0	0.534492899756			
Prostaglandin formation from dihomo gama-linoleic acid	0	0	0.534492899756			
C21-steroid hormone biosynthesis and metabolism	0	2	0.534492899756			
Trihydroxycoprostanoyl-CoA beta-oxidation	0	0	0.534492899756			
Drug metabolism - other enzymes	0	0	0.534492899756			
Selenoamino acid metabolism	0	2	0.534492899756			
